{
  "f1": 0.8341880341880342,
  "roc_auc": 0.8874549841544225,
  "confusion_matrix": [
    [
      372,
      148
    ],
    [
      46,
      488
    ]
  ]
}